<?xml version="1.0" encoding="ISO-8859-1"?>
<model xmlns="http://sndlib.zib.de/model" version="1.0">
 <nodeModel>NO_NODE_HARDWARE</nodeModel>
 <linkModel>UNDIRECTED</linkModel>
 <linkCapacityModel>EXPLICIT_LINK_CAPACITIES</linkCapacityModel>
 <fixedChargeModel>NO</fixedChargeModel>
 <demandModel>UNDIRECTED</demandModel>
 <routingModel>SINGLE_PATH</routingModel>
 <admissiblePathModel>EXPLICIT_LIST</admissiblePathModel>
 <hopLimitModel>INDIVIDUAL_HOP_LIMITS</hopLimitModel>
 <objectiveModel>MINIMIZE_TOTAL_COST</objectiveModel>
 <survivabilityModel>ONE_PLUS_ONE_PROTECTION</survivabilityModel>
</model>
